{"cameraMode":{"drawMode":0,"name":"Shaded","section":"Shading Mode"},"sceneLighting":true,"audioPlay":false,"sceneViewState":{"m_AlwaysRefresh":false,"showFog":true,"showSkybox":true,"showFlares":true,"showImageEffects":true,"showParticleSystems":true,"showVisualEffectGraphs":true,"m_FxEnabled":true},"in2DMode":false,"pivot":{"x":21.8394775390625,"y":43.73183822631836,"z":-0.8674554824829102},"rotation":{"x":0.018986070528626443,"y":0.6944579482078552,"z":-0.018336305394768716,"w":0.7190526127815247},"size":109.8110122680664,"orthographic":true}